id,temperature,humidity,light,timestamp
1,24.6,41.1,101.9,"2024-12-12 23:02:08"
2,23.7,40.4,104.1,"2024-12-12 23:02:18"
3,20.8,40.9,108.7,"2024-12-12 23:02:28"
4,24.9,40,105,"2024-12-12 23:02:38"
5,23.7,40.2,108.5,"2024-12-13 13:23:45"
6,24.4,42.4,100.8,"2024-12-13 13:23:55"
7,21.2,43.1,109.3,"2024-12-13 13:24:05"
8,23.7,44.6,103.7,"2024-12-13 13:24:15"
9,23.6,43.5,106.5,"2024-12-13 13:24:25"
10,24.3,43.3,105.6,"2024-12-13 13:24:35"
11,23.3,41.2,102.4,"2024-12-13 13:24:45"
12,20,42,103.2,"2024-12-13 13:24:55"
13,20.3,44,108.2,"2024-12-13 13:25:05"
14,24.6,40.6,104.9,"2024-12-13 13:25:59"
15,0,0,0,"2025-03-22 22:52:44"
16,0,0,0,"2025-03-22 22:52:54"
17,0,0,0,"2025-03-22 22:53:04"
18,0,0,0,"2025-03-22 22:53:14"
19,0,0,0,"2025-03-22 22:53:34"
20,0,0,0,"2025-03-22 22:53:44"
21,0,0,0,"2025-03-22 22:53:54"
22,0,0,0,"2025-03-22 23:07:36"
23,0,0,0,"2025-03-22 23:07:46"
24,0,0,0,"2025-03-22 23:07:56"
25,0,0,0,"2025-03-22 23:08:06"
26,0,0,0,"2025-03-22 23:08:16"
27,0,0,0,"2025-03-22 23:08:26"
28,0,0,0,"2025-03-22 23:08:36"
29,0,0,0,"2025-03-22 23:08:46"
30,0,0,0,"2025-03-22 23:08:56"
31,0,0,0,"2025-03-22 23:09:06"
32,0,0,0,"2025-03-22 23:09:16"
33,0,0,0,"2025-03-22 23:09:26"
34,0,0,0,"2025-03-22 23:09:36"
35,0,0,0,"2025-03-22 23:09:46"
36,0,0,0,"2025-03-22 23:09:56"
37,0,0,0,"2025-03-22 23:10:06"
38,0,0,0,"2025-03-22 23:10:16"
39,0,0,0,"2025-03-22 23:10:26"
40,0,0,0,"2025-03-22 23:10:36"
41,0,0,0,"2025-03-22 23:10:46"
42,0,0,0,"2025-03-22 23:10:56"
43,0,0,0,"2025-03-22 23:11:06"
44,0,0,0,"2025-03-22 23:11:16"
45,0,0,0,"2025-03-22 23:11:26"
46,0,0,0,"2025-03-22 23:11:36"
47,0,0,0,"2025-03-22 23:11:46"
48,0,0,0,"2025-03-22 23:11:56"
49,0,0,0,"2025-03-22 23:12:06"
50,0,0,0,"2025-03-22 23:12:16"
51,0,0,0,"2025-03-22 23:12:26"
52,0,0,0,"2025-03-22 23:12:36"
53,0,0,0,"2025-03-22 23:12:46"
54,0,0,0,"2025-03-22 23:12:56"
55,0,0,0,"2025-03-22 23:13:06"
56,0,0,0,"2025-03-22 23:26:28"
57,0,0,0,"2025-03-22 23:27:25"
58,0,0,0,"2025-03-22 23:27:35"
59,0,0,0,"2025-03-22 23:27:45"
60,0,0,0,"2025-03-22 23:27:55"
61,0,0,0,"2025-03-22 23:28:05"
62,0,0,0,"2025-03-22 23:28:15"
63,0,0,0,"2025-03-22 23:28:25"
64,0,0,0,"2025-03-22 23:28:35"
65,0,0,0,"2025-03-22 23:28:45"
66,0,0,0,"2025-03-22 23:28:55"
67,0,0,0,"2025-03-22 23:29:05"
68,0,0,0,"2025-03-22 23:29:15"
69,0,0,0,"2025-03-22 23:29:25"
70,0,0,0,"2025-03-22 23:29:35"
71,0,0,0,"2025-03-22 23:29:45"
72,0,0,0,"2025-03-22 23:29:55"
73,0,0,0,"2025-03-22 23:30:05"
74,0,0,0,"2025-03-22 23:30:15"
75,0,0,0,"2025-03-22 23:30:25"
76,0,0,0,"2025-03-22 23:30:35"
77,0,0,0,"2025-03-22 23:30:45"
78,0,0,0,"2025-03-22 23:30:55"
79,0,0,0,"2025-03-22 23:31:05"
80,0,0,0,"2025-03-22 23:31:15"
81,0,0,0,"2025-03-22 23:31:25"
82,0,0,0,"2025-03-22 23:42:10"
83,0,0,0,"2025-03-22 23:42:20"
84,0,0,0,"2025-03-22 23:42:30"
85,0,0,0,"2025-03-22 23:42:40"
86,0,0,0,"2025-03-22 23:42:50"
87,0,0,0,"2025-03-22 23:43:00"
88,0,0,0,"2025-03-22 23:43:10"
89,0,0,0,"2025-03-22 23:43:20"
90,0,0,0,"2025-03-22 23:43:30"
91,0,0,0,"2025-03-22 23:43:40"
92,0,0,0,"2025-03-22 23:43:50"
93,0,0,0,"2025-03-22 23:44:00"
94,0,0,0,"2025-03-22 23:44:10"
95,0,0,0,"2025-03-22 23:44:20"
96,0,0,0,"2025-03-22 23:44:30"
97,0,0,0,"2025-03-22 23:44:40"
98,0,0,0,"2025-03-22 23:44:50"
99,0,0,0,"2025-03-22 23:45:00"
100,0,0,0,"2025-03-22 23:45:10"
101,0,0,0,"2025-03-22 23:45:20"
102,0,0,0,"2025-03-22 23:45:30"
103,0,0,0,"2025-03-22 23:45:40"
104,0,0,0,"2025-03-22 23:45:50"
105,0,0,0,"2025-03-22 23:46:00"
106,0,0,0,"2025-03-22 23:46:10"
107,0,0,0,"2025-03-22 23:46:20"
108,0,0,0,"2025-03-22 23:46:30"
109,0,0,0,"2025-03-22 23:46:40"
110,0,0,0,"2025-03-22 23:46:50"
111,0,0,0,"2025-03-22 23:47:00"
112,0,0,0,"2025-03-22 23:47:10"
113,0,0,0,"2025-03-22 23:47:20"
114,0,0,0,"2025-03-22 23:47:30"
115,0,0,0,"2025-03-22 23:47:40"
116,0,0,0,"2025-03-22 23:47:50"
117,0,0,0,"2025-03-22 23:48:00"
118,0,0,0,"2025-03-22 23:48:10"
119,0,0,0,"2025-03-22 23:48:20"
120,0,0,0,"2025-03-22 23:48:30"
121,0,0,0,"2025-03-22 23:48:40"
122,29,50,450,"2025-03-23 17:07:27"
123,29.2,48,823,"2025-03-24 13:51:21"
124,29.2,48,161,"2025-03-24 13:51:31"
125,29.2,48,863,"2025-03-24 13:51:41"
126,29.2,48,930,"2025-03-24 13:51:51"
127,29.2,48,756,"2025-03-24 13:52:01"
128,29.2,48,333,"2025-03-24 13:52:11"
129,29.2,48,802,"2025-03-24 13:52:21"
130,29.2,48,436,"2025-03-24 13:52:31"
131,29.2,48,259,"2025-03-24 13:52:41"
132,29.2,48,152,"2025-03-24 13:52:51"
133,29.2,48,826,"2025-03-24 13:53:01"
134,29.3,48,493,"2025-03-24 13:53:11"
135,29.3,48,485,"2025-03-24 13:53:21"
136,29.3,48,999,"2025-03-24 13:53:33"
137,29.3,48,808,"2025-03-24 13:53:43"
138,29.3,48,930,"2025-03-24 13:53:51"
139,29.4,48,531,"2025-03-24 13:54:02"
140,29.4,48,801,"2025-03-24 13:54:11"
141,29.4,48,608,"2025-03-24 13:54:21"
142,29.4,48,109,"2025-03-24 13:54:31"
143,29.4,48,195,"2025-03-24 13:54:50"
144,29.4,48,184,"2025-03-24 13:54:51"
145,29.4,48,652,"2025-03-24 13:55:05"
146,29.4,48,951,"2025-03-24 13:55:41"
147,29.4,48,626,"2025-03-24 13:55:51"
148,29.4,48,461,"2025-03-24 13:56:01"
149,29.4,48,470,"2025-03-24 13:56:11"
150,29.4,48,435,"2025-03-24 13:56:22"
151,29.4,48,654,"2025-03-24 13:56:31"
152,29.4,48,566,"2025-03-24 13:56:42"
153,29.4,48,831,"2025-03-24 13:56:51"
154,29.5,48,334,"2025-03-24 13:57:01"
155,29.5,48,926,"2025-03-24 13:57:11"
156,29.5,48,938,"2025-03-24 13:57:23"
157,29.5,48,880,"2025-03-24 13:57:31"
158,29.5,48,257,"2025-03-24 13:57:41"
159,29.5,48,342,"2025-03-24 13:57:51"
160,29.5,48,736,"2025-03-24 13:58:01"
161,29.5,48,968,"2025-03-24 13:58:41"
162,29.5,48,118,"2025-03-24 13:58:51"
163,29.5,48,717,"2025-03-24 13:59:01"
164,29.5,48,329,"2025-03-24 13:59:11"
165,29.5,48,272,"2025-03-24 13:59:21"
166,29.5,48,451,"2025-03-24 13:59:31"
167,29.5,48,459,"2025-03-24 14:00:02"
168,29.5,48,240,"2025-03-24 14:00:11"
169,29.5,48,179,"2025-03-24 14:00:21"
170,29.5,48,776,"2025-03-24 14:00:31"
171,29.5,48,876,"2025-03-24 14:00:41"
172,29.6,48,182,"2025-03-24 14:01:22"
173,29.6,48,662,"2025-03-24 14:01:32"
174,29.6,48,784,"2025-03-24 14:01:41"
175,29.6,47,429,"2025-03-24 14:01:52"
176,29.6,47,688,"2025-03-24 14:02:01"
177,29.6,48,149,"2025-03-24 14:02:11"
178,29.6,47,696,"2025-03-24 14:02:21"
179,29.6,47,175,"2025-03-24 14:02:31"
180,29.6,47,470,"2025-03-24 14:02:41"
181,29.6,47,591,"2025-03-24 14:02:52"
182,29.6,48,284,"2025-03-24 14:03:01"
183,29.6,47,291,"2025-03-24 14:03:15"
184,29.6,47,747,"2025-03-24 14:03:21"
185,29.6,47,355,"2025-03-24 14:03:31"
186,29.6,47,378,"2025-03-24 14:03:41"
187,29.6,47,669,"2025-03-24 14:03:51"
188,29.6,47,179,"2025-03-24 14:04:01"
189,29.6,48,243,"2025-03-24 14:04:11"
190,29.6,48,875,"2025-03-24 14:04:21"
191,29.6,48,654,"2025-03-24 14:04:31"
192,29.6,48,139,"2025-03-24 14:04:41"
193,29.6,48,199,"2025-03-24 14:04:51"
194,29.6,48,874,"2025-03-24 14:05:01"
195,29.7,48,830,"2025-03-24 14:05:11"
196,29.7,48,521,"2025-03-24 14:05:25"
197,29.7,47,724,"2025-03-24 14:05:31"
198,29.7,47,979,"2025-03-24 14:05:41"
199,29.7,47,452,"2025-03-24 14:05:51"
200,29.7,47,973,"2025-03-24 14:06:01"
201,29.6,47,807,"2025-03-24 14:06:11"
202,29.6,47,504,"2025-03-24 14:06:24"
203,29.6,47,184,"2025-03-24 14:06:31"
204,29.6,47,987,"2025-03-24 14:06:41"
205,29.6,47,259,"2025-03-24 14:06:51"
206,29.6,47,941,"2025-03-24 14:07:01"
207,29.6,47,828,"2025-03-24 14:07:11"
208,29.6,47,801,"2025-03-24 14:07:22"
209,29.6,47,440,"2025-03-24 14:07:31"
210,29.6,47,819,"2025-03-24 14:07:42"
211,29.6,47,197,"2025-03-24 14:07:51"
212,29.6,47,895,"2025-03-24 14:08:02"
213,29.6,47,621,"2025-03-24 14:08:11"
214,29.6,47,675,"2025-03-24 14:08:22"
215,29.6,47,265,"2025-03-24 14:08:31"
216,29.6,47,378,"2025-03-24 14:08:43"
217,29.5,47,560,"2025-03-24 14:08:51"
218,29.5,47,995,"2025-03-24 14:09:02"
219,29.5,47,207,"2025-03-24 14:09:11"
220,29.5,47,776,"2025-03-24 14:09:21"
221,29.5,47,813,"2025-03-24 14:09:31"
222,29.5,47,657,"2025-03-24 14:09:41"
223,29.5,47,582,"2025-03-24 14:09:51"
224,29.5,47,347,"2025-03-24 14:10:01"
225,29.5,47,786,"2025-03-24 14:10:11"
226,29.5,47,803,"2025-03-24 14:10:21"
227,29.5,47,124,"2025-03-24 14:10:31"
228,29.5,47,246,"2025-03-24 14:10:41"
229,29.5,47,279,"2025-03-24 14:10:51"
230,29.5,47,898,"2025-03-24 14:11:01"
231,29.5,47,230,"2025-03-24 14:11:11"
232,29.5,47,542,"2025-03-24 14:11:21"
233,29.5,47,376,"2025-03-24 14:11:31"
234,29.6,47,828,"2025-03-24 14:11:41"
235,30,46,385,"2025-03-24 14:42:28"
236,30,45,508,"2025-03-24 14:42:38"
237,30,45,268,"2025-03-24 14:42:48"
238,29.9,46,781,"2025-03-24 14:43:18"
239,29.9,46,313,"2025-03-24 14:43:28"
240,30.7,45,626,"2025-03-24 14:57:38"
241,30.6,45,461,"2025-03-24 14:57:48"
242,30.5,45,470,"2025-03-24 14:57:58"
243,30.4,44,435,"2025-03-24 14:58:08"
244,30.3,44,654,"2025-03-24 14:58:18"
245,30.2,44,566,"2025-03-24 14:58:31"
246,30.1,44,334,"2025-03-24 14:58:38"
247,30,45,926,"2025-03-24 14:58:48"
248,30,45,938,"2025-03-24 14:58:58"
249,30,45,880,"2025-03-24 14:59:08"
250,30,47,257,"2025-03-24 14:59:18"
251,30,49,342,"2025-03-24 14:59:28"
252,30.1,49,736,"2025-03-24 14:59:42"
253,30.1,47,486,"2025-03-24 14:59:48"
254,30.1,46,483,"2025-03-24 15:00:00"
255,30.1,45,968,"2025-03-24 15:00:08"
256,30,45,118,"2025-03-24 15:00:20"
257,30,45,717,"2025-03-24 15:00:28"
258,30,45,329,"2025-03-24 15:00:39"
259,30,45,272,"2025-03-24 15:00:48"
260,30,45,451,"2025-03-24 15:00:58"
261,30,45,142,"2025-03-24 15:01:09"
262,29.9,45,459,"2025-03-24 15:01:18"
263,29.9,45,240,"2025-03-24 15:01:28"
264,29.9,46,179,"2025-03-24 15:01:38"
265,29.8,45,776,"2025-03-24 15:01:49"
266,29.8,45,876,"2025-03-24 15:01:58"
267,29.7,45,759,"2025-03-24 15:02:08"
268,29.7,45,666,"2025-03-24 15:02:18"
269,29.6,46,182,"2025-03-24 15:02:28"
270,29.6,46,662,"2025-03-24 15:02:38"
271,30.1,45,772,"2025-03-24 15:23:23"
272,30.1,45,354,"2025-03-24 15:23:34"
273,30.1,45,779,"2025-03-24 15:23:43"
274,30.1,45,619,"2025-03-24 15:23:53"
275,30.1,45,378,"2025-03-24 15:24:03"
276,30.3,43,667,"2025-03-24 15:49:37"
277,30.5,50,860,"2025-03-24 15:49:37"
278,30.9,48,385,"2025-03-24 15:49:46"
279,31.1,44,508,"2025-03-24 15:49:55"
280,31.2,44,268,"2025-03-24 15:50:06"
281,31.3,42,642,"2025-03-24 15:50:18"
282,31.3,42,700,"2025-03-24 15:50:25"
283,31.1,41,781,"2025-03-24 15:50:35"
284,31,41,313,"2025-03-24 15:50:46"
285,29.9,45,979,"2025-03-24 16:20:47"
286,29.9,45,562,"2025-03-24 16:20:57"
287,29.9,45,743,"2025-03-24 16:21:07"
288,29.9,45,812,"2025-03-24 16:21:17"
289,29.9,45,624,"2025-03-24 16:21:27"
290,29.9,45,614,"2025-03-24 16:21:37"
291,29.9,45,731,"2025-03-24 16:21:47"
292,29.9,45,866,"2025-03-24 16:21:57"
293,29.9,45,455,"2025-03-24 16:22:07"
294,29.9,45,394,"2025-03-24 16:22:17"
295,29.9,45,965,"2025-03-24 16:22:27"
296,29.9,45,195,"2025-03-24 16:22:37"
297,29.9,45,211,"2025-03-24 16:22:47"
298,29.9,45,326,"2025-03-24 16:23:04"
299,29.9,45,712,"2025-03-24 16:23:07"
300,29.9,45,338,"2025-03-24 16:23:17"
301,29.9,45,521,"2025-03-24 16:23:27"
302,29.9,45,335,"2025-03-24 16:23:37"
303,29.9,45,282,"2025-03-24 16:23:47"
304,29.9,45,689,"2025-03-24 16:23:57"
305,29.9,45,823,"2025-03-24 16:24:07"
306,26.9,63,313,"2025-03-25 13:03:50"
307,26.9,62,637,"2025-03-25 13:03:54"
308,26.9,62,733,"2025-03-25 13:04:04"
309,26.9,62,772,"2025-03-25 13:04:14"
310,26.9,62,354,"2025-03-25 13:04:24"
311,27,62,779,"2025-03-25 13:04:34"
312,27,62,619,"2025-03-25 13:04:44"
313,27,62,378,"2025-03-25 13:04:54"
314,27,62,917,"2025-03-25 13:05:04"
315,27,62,773,"2025-03-25 13:05:20"
316,26.9,62,546,"2025-03-25 13:05:24"
317,26.9,62,624,"2025-03-25 13:05:34"
318,26.9,62,750,"2025-03-25 13:05:45"
319,28.7,60,779,"2025-03-25 13:54:45"
320,28.7,59,619,"2025-03-25 13:54:49"
321,28.7,59,378,"2025-03-25 13:54:57"
322,29,58,581,"2025-03-25 13:56:27"
323,29,58,982,"2025-03-25 13:56:37"
324,29,58,665,"2025-03-25 13:56:47"
325,28.9,58,952,"2025-03-25 13:56:57"
326,28.8,59,266,"2025-03-25 13:57:09"
327,28.8,59,889,"2025-03-25 13:57:17"
328,28.5,59,536,"2025-03-25 13:58:57"
329,28.4,60,593,"2025-03-25 13:59:07"
330,28.4,60,558,"2025-03-25 13:59:17"
331,28.4,60,516,"2025-03-25 13:59:47"
332,28.4,60,188,"2025-03-25 13:59:48"
333,28.4,60,979,"2025-03-25 13:59:48"
334,28.4,60,731,"2025-03-25 14:00:37"
335,28.5,60,866,"2025-03-25 14:00:47"
336,28.5,60,455,"2025-03-25 14:00:57"
337,28.5,60,394,"2025-03-25 14:01:08"
338,28.5,61,965,"2025-03-25 14:01:17"
339,28.6,61,195,"2025-03-25 14:01:27"
340,28.6,61,211,"2025-03-25 14:01:38"
341,28.6,61,326,"2025-03-25 14:01:47"
342,28.7,61,712,"2025-03-25 14:01:57"
343,28.7,61,338,"2025-03-25 14:02:10"
344,28.7,61,521,"2025-03-25 14:02:17"
345,28.7,60,335,"2025-03-25 14:02:27"
346,27.9,58,259,"2025-03-25 14:04:17"
347,27.9,59,152,"2025-03-25 14:04:27"
348,27.9,60,826,"2025-03-25 14:04:37"
349,27.9,60,493,"2025-03-25 14:04:47"
350,27.9,60,485,"2025-03-25 14:04:57"
351,27.9,61,999,"2025-03-25 14:05:07"
352,28,61,118,"2025-03-25 14:10:27"
353,22,48,808,"2025-03-31 16:36:25"
354,22,48,149,"2025-03-31 16:36:35"
355,22,48,908,"2025-03-31 16:36:45"
356,22,48,472,"2025-03-31 16:36:55"
357,22,48,435,"2025-03-31 16:37:05"
358,22.1,48,335,"2025-03-31 16:37:15"
359,22.1,48,536,"2025-03-31 16:37:31"
360,22.1,48,593,"2025-03-31 16:37:38"
361,22.1,47,516,"2025-03-31 16:37:45"
362,22.1,47,188,"2025-03-31 16:37:55"
363,22.1,47,979,"2025-03-31 16:38:05"
364,22.1,47,562,"2025-03-31 16:38:15"
365,22.2,47,743,"2025-03-31 16:38:25"
366,22.2,47,812,"2025-03-31 16:38:35"
367,22.2,47,614,"2025-03-31 16:38:45"
368,22.2,47,731,"2025-03-31 16:38:55"
369,22.2,47,866,"2025-03-31 16:39:05"
370,22.2,47,455,"2025-03-31 16:39:15"
371,22.2,47,394,"2025-03-31 16:39:25"
372,22.2,47,965,"2025-03-31 16:39:41"
373,22.3,47,195,"2025-03-31 16:39:49"
374,22.3,47,326,"2025-03-31 16:39:59"
375,22.3,48,712,"2025-03-31 16:40:05"
376,22.3,48,338,"2025-03-31 16:40:17"
377,22.3,48,521,"2025-03-31 16:40:25"
378,22.3,48,335,"2025-03-31 16:40:40"
379,22.3,48,282,"2025-03-31 16:40:45"
380,22.3,48,689,"2025-03-31 16:40:57"
381,22.3,47,823,"2025-03-31 16:41:05"
382,22.3,47,930,"2025-03-31 16:41:25"
383,22.3,47,756,"2025-03-31 16:41:37"
384,22.3,47,333,"2025-03-31 16:41:45"
385,22.3,47,802,"2025-03-31 16:41:55"
386,22.3,47,436,"2025-03-31 16:42:05"
387,22.3,47,259,"2025-03-31 16:42:15"
388,22.3,47,152,"2025-03-31 16:42:25"
389,22.4,47,826,"2025-03-31 16:42:35"
390,22.4,47,493,"2025-03-31 16:42:46"
391,22.4,47,485,"2025-03-31 16:42:56"
392,22.4,47,808,"2025-03-31 16:43:05"
393,22.4,47,930,"2025-03-31 16:43:15"
394,22.4,47,531,"2025-03-31 16:43:25"
395,22.3,47,801,"2025-03-31 16:43:35"
396,22.3,47,608,"2025-03-31 16:43:45"
397,22.3,47,195,"2025-03-31 16:44:05"
398,22.3,47,184,"2025-03-31 16:44:15"
399,22.3,47,652,"2025-03-31 16:44:25"
400,22.3,47,988,"2025-03-31 16:44:35"
401,22.3,47,239,"2025-03-31 16:44:45"
402,22.3,47,951,"2025-03-31 16:44:55"
403,22.3,47,626,"2025-03-31 16:45:07"
404,22.3,48,461,"2025-03-31 16:45:15"
405,22.3,48,470,"2025-03-31 16:45:36"
406,22.3,48,435,"2025-03-31 16:45:48"
407,22.3,48,566,"2025-03-31 16:45:49"
408,22.3,48,831,"2025-03-31 16:45:55"
409,22.3,48,334,"2025-03-31 16:46:05"
410,22.3,48,926,"2025-03-31 16:46:15"
411,22.3,48,938,"2025-03-31 16:46:29"
412,22.3,47,880,"2025-03-31 16:46:51"
413,22.3,47,342,"2025-03-31 16:46:53"
414,22.3,47,736,"2025-03-31 16:46:55"
415,22.3,47,486,"2025-03-31 16:47:05"
416,22.3,47,483,"2025-03-31 16:47:15"
417,22.3,47,717,"2025-03-31 16:47:55"
418,22.3,47,451,"2025-03-31 16:48:25"
419,22.3,47,142,"2025-03-31 16:48:35"
420,22.3,47,802,"2025-03-31 16:48:45"
421,22.3,47,503,"2025-03-31 16:49:21"
422,22.3,47,698,"2025-03-31 16:49:45"
423,22.3,47,479,"2025-03-31 16:49:46"
424,22.3,47,451,"2025-03-31 16:49:54"
425,22.3,47,860,"2025-03-31 16:50:11"
426,22.4,47,508,"2025-03-31 16:50:11"
427,22.4,47,268,"2025-03-31 16:50:21"
428,22.4,47,642,"2025-03-31 16:50:31"
429,22.4,47,700,"2025-03-31 16:50:42"
430,22.4,47,781,"2025-03-31 16:50:51"
431,22.4,47,637,"2025-03-31 16:51:11"
432,22.4,47,733,"2025-03-31 16:51:21"
433,25.5,44,781,"2025-04-01 13:24:35"
434,25.5,44,313,"2025-04-01 13:24:45"
435,25.5,44,637,"2025-04-01 13:24:55"
436,25.5,44,733,"2025-04-01 13:25:08"
437,25.5,44,391,"2025-04-01 13:25:18"
438,25.5,44,772,"2025-04-01 13:25:25"
439,25.5,44,354,"2025-04-01 13:25:35"
440,25.5,44,779,"2025-04-01 13:25:45"
441,25.5,44,619,"2025-04-01 13:25:55"
442,25.5,44,378,"2025-04-01 13:26:10"
443,25.5,44,917,"2025-04-01 13:26:15"
444,25.5,44,773,"2025-04-01 13:26:25"
445,25.5,44,546,"2025-04-01 13:26:35"
446,25.5,44,624,"2025-04-01 13:26:45"
447,25.4,44,750,"2025-04-01 13:26:55"
448,25.4,44,518,"2025-04-01 13:27:06"
449,25.4,44,844,"2025-04-01 13:27:15"
450,25.4,44,814,"2025-04-01 13:27:25"
451,25.4,44,581,"2025-04-01 13:27:35"
452,25.4,44,982,"2025-04-01 13:27:45"
453,25.4,44,665,"2025-04-01 13:27:55"
454,25.3,44,952,"2025-04-01 13:28:05"
455,25.3,44,266,"2025-04-01 13:28:15"
456,25.3,44,889,"2025-04-01 13:28:26"
457,25.3,44,510,"2025-04-01 13:28:35"
458,25.3,44,432,"2025-04-01 13:30:44"
459,25.3,44,149,"2025-04-01 13:30:44"
460,25.3,44,908,"2025-04-01 13:30:44"
461,25.3,44,472,"2025-04-01 13:30:44"
462,25.3,44,435,"2025-04-01 13:30:44"
463,25.3,44,335,"2025-04-01 13:30:44"
464,25.3,44,536,"2025-04-01 13:30:44"
465,25.3,44,593,"2025-04-01 13:30:44"
466,25.3,44,558,"2025-04-01 13:30:44"
467,25.3,44,516,"2025-04-01 13:30:45"
468,25.3,44,188,"2025-04-01 13:30:55"
469,25.3,44,979,"2025-04-01 13:31:05"
470,25.3,44,562,"2025-04-01 13:31:15"
471,25.3,44,743,"2025-04-01 13:31:25"
472,25.3,44,812,"2025-04-01 13:31:36"
473,25.3,44,624,"2025-04-01 13:31:45"
474,25.3,44,614,"2025-04-01 13:31:56"
475,25.3,44,731,"2025-04-01 13:32:05"
476,25.3,44,866,"2025-04-01 13:32:15"
477,25.3,44,455,"2025-04-01 13:32:25"
478,25.3,44,394,"2025-04-01 13:32:36"
479,25.3,44,965,"2025-04-01 13:32:45"
480,25.3,44,211,"2025-04-01 13:33:06"
481,25.3,44,326,"2025-04-01 13:33:15"
482,25.3,44,712,"2025-04-01 13:33:27"
483,25.3,45,689,"2025-04-01 13:34:15"
484,25.3,45,823,"2025-04-01 13:34:25"
485,25.3,45,161,"2025-04-01 13:34:35"
486,25.3,45,863,"2025-04-01 13:34:45"
487,25.3,45,930,"2025-04-01 13:34:55"
488,25.3,45,195,"2025-04-01 13:37:36"
489,25.3,45,184,"2025-04-01 13:37:48"
490,25.2,45,652,"2025-04-01 13:37:55"
491,25.2,45,426,"2025-04-01 13:38:06"
492,25.2,45,988,"2025-04-01 13:38:15"
493,25.2,45,239,"2025-04-01 13:38:25"
494,25.2,45,626,"2025-04-01 13:38:35"
495,25.2,45,461,"2025-04-01 13:38:45"
496,25.2,45,470,"2025-04-01 13:38:55"
497,25.2,45,435,"2025-04-01 13:39:05"
498,25.3,45,654,"2025-04-01 13:39:15"
499,25.3,45,566,"2025-04-01 13:39:25"
500,25.3,45,831,"2025-04-01 13:39:35"
501,25.3,45,334,"2025-04-01 13:39:45"
502,25.3,45,926,"2025-04-01 13:39:55"
503,25.3,45,880,"2025-04-01 13:40:05"
504,25.3,45,257,"2025-04-01 13:40:15"
505,25.3,45,342,"2025-04-01 13:40:25"
506,25.3,45,736,"2025-04-01 13:40:35"
507,25.3,45,486,"2025-04-01 13:40:45"
508,25.3,45,483,"2025-04-01 13:40:55"
509,25.3,45,810,"2025-04-01 13:41:07"
510,25.3,45,118,"2025-04-01 13:41:17"
511,25.3,45,717,"2025-04-01 13:41:28"
512,25.3,45,329,"2025-04-01 13:41:35"
513,25.3,45,272,"2025-04-01 13:41:45"
514,25.3,45,451,"2025-04-01 13:41:55"
515,25.3,45,142,"2025-04-01 13:42:05"
516,25.3,45,459,"2025-04-01 13:42:15"
517,25.3,45,240,"2025-04-01 13:42:25"
518,25.3,45,179,"2025-04-01 13:42:35"
519,25.3,45,776,"2025-04-01 13:42:45"
520,25.3,45,876,"2025-04-01 13:42:55"
521,25.3,45,759,"2025-04-01 13:43:05"
522,25.3,45,666,"2025-04-01 13:43:18"
523,25.3,45,182,"2025-04-01 13:43:25"
524,25.3,45,662,"2025-04-01 13:43:37"
525,25.3,45,784,"2025-04-01 13:43:45"
526,25.3,45,429,"2025-04-01 13:43:55"
527,25.3,45,688,"2025-04-01 13:44:05"
528,25.3,45,149,"2025-04-01 13:44:15"
529,25.3,45,696,"2025-04-01 13:44:25"
530,25.3,45,175,"2025-04-01 13:44:36"
531,25.4,45,470,"2025-04-01 13:44:53"
532,25.4,45,284,"2025-04-01 13:44:55"
533,25.4,45,291,"2025-04-01 13:45:05"
534,25.4,45,747,"2025-04-01 13:45:15"
535,25.4,45,355,"2025-04-01 13:45:27"
536,25.5,45,378,"2025-04-01 13:45:35"
537,25.5,45,669,"2025-04-01 13:45:45"
538,25.4,45,179,"2025-04-01 13:45:55"
539,25.5,45,243,"2025-04-01 13:46:05"
540,25.5,45,875,"2025-04-01 13:46:15"
541,25.5,45,830,"2025-04-01 13:48:56"
542,25.5,45,521,"2025-04-01 13:48:56"
543,25.5,45,724,"2025-04-01 13:48:56"
544,25.5,45,452,"2025-04-01 13:48:56"
545,25.5,45,973,"2025-04-01 13:48:56"
546,25.5,45,807,"2025-04-01 13:48:56"
547,25.5,45,504,"2025-04-01 13:48:56"
548,25.5,4500,828,"2025-04-01 13:48:56"
549,25.4,45,801,"2025-04-01 13:49:02"
550,25.4,45,819,"2025-04-01 13:49:05"
551,25.4,45,197,"2025-04-01 13:49:17"
552,25.4,45,895,"2025-04-01 13:49:27"
553,25.4,45,621,"2025-04-01 13:49:35"
554,25.4,45,675,"2025-04-01 13:49:49"
555,25.4,45,265,"2025-04-01 13:49:56"
556,25.4,45,560,"2025-04-01 13:50:09"
557,25.4,45,995,"2025-04-01 13:50:15"
558,25.4,45,207,"2025-04-01 13:50:25"
559,25.4,45,776,"2025-04-01 13:50:35"
560,25.4,45,813,"2025-04-01 13:50:45"
561,25.4,45,657,"2025-04-01 13:50:55"
562,25.4,45,347,"2025-04-01 13:51:08"
563,25.4,45,786,"2025-04-01 13:51:15"
564,25.4,45,803,"2025-04-01 13:51:25"
565,25.4,45,124,"2025-04-01 13:51:37"
566,25.3,45,828,"2025-04-01 13:52:35"
567,25.3,45,615,"2025-04-01 13:52:45"
568,25.3,45,511,"2025-04-01 13:52:55"
569,25.3,45,135,"2025-04-01 13:53:05"
570,25.3,45,858,"2025-04-01 13:53:15"
571,25.3,45,501,"2025-04-01 13:53:26"
572,25.3,45,464,"2025-04-01 13:53:36"
573,25.3,45,991,"2025-04-01 13:53:50"
574,25.3,45,147,"2025-04-01 13:53:55"
575,25.3,45,992,"2025-04-01 13:54:06"
576,25.3,45,636,"2025-04-01 13:54:18"
577,25.3,45,556,"2025-04-01 13:54:25"
578,25.3,45,239,"2025-04-01 13:54:35"
579,25.3,45,997,"2025-04-01 13:54:45"
580,25.3,45,545,"2025-04-01 13:54:55"
581,25.4,45,651,"2025-04-01 13:55:05"
582,25.5,45,476,"2025-04-01 13:55:17"
583,25.6,45,424,"2025-04-01 13:55:25"
584,25.7,45,181,"2025-04-01 13:55:37"
585,25.8,45,380,"2025-04-01 13:55:52"
586,25.9,45,138,"2025-04-01 13:55:55"
587,26,45,220,"2025-04-01 13:56:05"
588,26,45,214,"2025-04-01 13:56:15"
589,26.1,45,478,"2025-04-01 13:56:25"
590,26.1,45,417,"2025-04-01 13:56:35"
591,26.2,45,963,"2025-04-01 13:56:45"
592,26.3,45,687,"2025-04-01 13:56:55"
593,26.3,44,415,"2025-04-01 13:57:08"
594,26.3,44,221,"2025-04-01 13:57:15"
595,26.3,44,795,"2025-04-01 13:57:30"
596,26.3,44,773,"2025-04-01 13:57:35"
597,26.3,44,450,"2025-04-01 13:57:47"
598,26.3,44,519,"2025-04-01 13:57:55"
599,26.3,44,308,"2025-04-01 13:58:05"
600,26.3,44,391,"2025-04-01 13:58:15"
601,26.3,44,206,"2025-04-01 13:58:25"
602,26.3,44,426,"2025-04-01 13:58:35"
603,26.2,44,154,"2025-04-01 13:59:05"
604,26.2,44,337,"2025-04-01 13:59:15"
605,26.2,44,832,"2025-04-01 13:59:25"
606,26.2,44,316,"2025-04-01 13:59:35"
607,26.2,44,423,"2025-04-01 13:59:45"
608,26.2,44,377,"2025-04-01 13:59:55"
609,26.1,44,310,"2025-04-01 14:00:27"
610,26.1,44,536,"2025-04-01 14:00:36"
611,26,44,752,"2025-04-01 14:00:47"
612,26,44,940,"2025-04-01 14:00:55"
613,26,44,981,"2025-04-01 14:01:05"
614,26,44,643,"2025-04-01 14:01:15"
615,25.9,45,592,"2025-04-01 14:01:25"
616,25.9,45,700,"2025-04-01 14:01:35"
617,25.8,45,612,"2025-04-01 14:01:45"
618,25.8,45,625,"2025-04-01 14:01:55"
619,25.8,45,347,"2025-04-01 14:02:07"
620,25.8,45,148,"2025-04-01 14:02:15"
621,25.7,45,120,"2025-04-01 14:02:25"
622,25.7,45,482,"2025-04-01 14:02:35"
623,25.7,45,516,"2025-04-01 14:02:45"
624,25.7,45,973,"2025-04-01 14:02:55"
625,25.7,45,774,"2025-04-01 14:03:05"
626,25.7,45,793,"2025-04-01 14:03:15"
627,25.6,45,390,"2025-04-01 14:03:25"
628,25.6,45,741,"2025-04-01 14:03:37"
629,25.6,45,220,"2025-04-01 14:03:45"
630,25.6,45,613,"2025-04-01 14:03:57"
631,25.6,45,416,"2025-04-01 14:04:05"
632,25.6,45,471,"2025-04-01 14:04:16"
633,25.6,45,950,"2025-04-01 14:04:27"
634,25.6,45,279,"2025-04-01 14:04:39"
635,25.6,45,870,"2025-04-01 14:04:45"
636,25.6,45,975,"2025-04-01 14:04:55"
637,25.6,45,285,"2025-04-01 14:05:05"
638,25.6,45,171,"2025-04-01 14:05:17"
639,25.6,45,546,"2025-04-01 14:05:25"
640,25.6,45,413,"2025-04-01 14:05:35"
641,25.6,45,177,"2025-04-01 14:05:50"
642,25.6,45,324,"2025-04-01 14:05:55"
643,25.6,45,359,"2025-04-01 14:06:06"
644,25.6,45,597,"2025-04-01 14:06:15"
645,25.6,45,137,"2025-04-01 14:06:25"
646,25.6,45,338,"2025-04-01 14:06:35"
647,25.6,45,379,"2025-04-01 14:06:45"
648,25.6,45,548,"2025-04-01 14:06:55"
649,25.6,45,972,"2025-04-01 14:07:06"
650,25.6,45,165,"2025-04-01 14:07:18"
651,25.6,45,903,"2025-04-01 14:07:25"
652,25.6,45,756,"2025-04-01 14:07:35"
653,25.7,45,383,"2025-04-01 14:07:45"
654,25.7,45,630,"2025-04-01 14:07:59"
655,25.7,45,652,"2025-04-01 14:08:05"
656,25.7,45,440,"2025-04-01 14:08:15"
657,25.7,45,769,"2025-04-01 14:08:25"
658,25.7,45,627,"2025-04-01 14:08:35"
659,25.7,45,262,"2025-04-01 14:08:51"
660,25.7,45,169,"2025-04-01 14:09:00"
661,25.7,45,685,"2025-04-01 14:09:05"
662,25.7,45,955,"2025-04-01 14:09:15"
663,25.7,45,208,"2025-04-01 14:09:25"
664,25.7,45,698,"2025-04-01 14:09:35"
665,25.7,45,901,"2025-04-01 14:09:47"
666,25.7,45,290,"2025-04-01 14:09:55"
667,25.7,45,235,"2025-04-01 14:10:05"
668,25.7,45,411,"2025-04-01 14:10:15"
669,25.7,45,747,"2025-04-01 14:10:25"
670,25.7,45,386,"2025-04-01 14:10:35"
671,25.7,45,681,"2025-04-01 14:10:45"
672,25.7,45,569,"2025-04-01 14:10:57"
673,25.7,45,363,"2025-04-01 14:11:07"
674,25.7,45,555,"2025-04-01 14:11:15"
675,25.7,45,792,"2025-04-01 14:11:25"
676,25.7,45,232,"2025-04-01 14:11:36"
677,25.7,45,467,"2025-04-01 14:11:45"
678,25.7,45,186,"2025-04-01 14:11:57"
679,25.7,45,113,"2025-04-01 14:12:05"
680,25.7,45,938,"2025-04-01 14:12:15"
681,25.7,45,937,"2025-04-01 14:12:25"
682,25.7,45,737,"2025-04-01 14:12:35"
683,25.7,45,423,"2025-04-01 14:12:45"
684,25.7,45,421,"2025-04-01 14:12:55"
685,25.7,45,947,"2025-04-01 14:13:05"
686,25.7,45,237,"2025-04-01 14:13:15"
687,25.7,45,882,"2025-04-01 14:13:25"
688,25.7,45,161,"2025-04-01 14:13:35"
689,25.7,45,654,"2025-04-01 14:13:46"
690,25.7,45,452,"2025-04-01 14:13:55"
691,25.7,45,280,"2025-04-01 14:14:05"
692,25.7,45,543,"2025-04-01 14:14:15"
693,25.7,45,859,"2025-04-01 14:14:25"
694,25.7,45,637,"2025-04-01 14:14:38"
695,25.7,45,726,"2025-04-01 14:14:45"
696,25.7,45,408,"2025-04-01 14:14:55"
697,25.7,45,452,"2025-04-01 14:15:05"
698,25.7,45,331,"2025-04-01 14:15:15"
699,25.7,45,696,"2025-04-01 14:15:25"
700,25.7,45,226,"2025-04-01 14:15:35"
701,25.7,46,848,"2025-04-01 14:15:49"
702,25.7,45,883,"2025-04-01 14:15:55"
703,25.7,45,960,"2025-04-01 14:16:05"
704,25.7,45,421,"2025-04-01 14:16:15"
705,25.7,45,260,"2025-04-01 14:16:25"
706,25.7,45,888,"2025-04-01 14:16:41"
707,25.7,45,117,"2025-04-01 14:16:45"
708,25.7,45,394,"2025-04-01 14:16:55"
709,25.8,45,939,"2025-04-01 14:17:05"
710,25.8,45,317,"2025-04-01 14:17:17"
711,25.8,45,568,"2025-04-01 14:17:27"
712,25.8,45,471,"2025-04-01 14:17:35"
713,25.8,45,482,"2025-04-01 14:17:45"
714,25.8,45,516,"2025-04-01 14:17:55"
715,25.8,46,245,"2025-04-01 14:18:05"
716,25.8,45,890,"2025-04-01 14:18:18"
717,25.8,45,683,"2025-04-01 14:18:25"
718,25.8,46,995,"2025-04-01 14:18:35"
719,25.8,45,893,"2025-04-01 14:18:55"
720,25.8,45,603,"2025-04-01 14:19:12"
721,25.8,45,721,"2025-04-01 14:19:12"
722,25.8,45,252,"2025-04-01 14:19:22"
723,25.8,45,889,"2025-04-01 14:19:45"
724,25.8,45,764,"2025-04-01 14:19:55"
725,25.8,45,709,"2025-04-01 14:20:05"
726,25.8,45,617,"2025-04-01 14:20:15"
727,25.8,45,628,"2025-04-01 14:20:25"
728,25.8,46,175,"2025-04-01 14:20:35"
729,25.8,46,398,"2025-04-01 14:20:50"
730,25.8,45,763,"2025-04-01 14:20:55"
731,25.8,46,286,"2025-04-01 14:21:06"
732,25.8,46,736,"2025-04-01 14:21:35"
733,25.8,46,920,"2025-04-01 14:21:45"
734,25.8,46,630,"2025-04-01 14:21:55"
735,25.8,46,951,"2025-04-01 14:22:05"
736,25.8,46,474,"2025-04-01 14:22:15"
737,25.8,46,212,"2025-04-01 14:22:25"
738,25.8,46,105,"2025-04-01 14:22:35"
739,25.8,46,414,"2025-04-01 14:22:45"
740,25.8,46,320,"2025-04-01 14:22:59"
741,25.8,46,358,"2025-04-01 14:23:35"
742,25.8,46,936,"2025-04-01 14:23:45"
743,25.9,46,429,"2025-04-01 14:23:55"
744,25.9,46,319,"2025-04-01 14:24:05"
745,25.9,46,655,"2025-04-01 14:24:15"
746,25.9,46,418,"2025-04-01 14:25:20"
747,25.9,46,758,"2025-04-01 14:25:20"
748,25.9,46,333,"2025-04-01 14:25:20"
749,25.9,46,166,"2025-04-01 14:25:29"
750,25.9,46,265,"2025-04-01 14:25:35"
751,25.9,46,186,"2025-04-01 14:25:45"
752,25.9,46,980,"2025-04-01 14:25:55"
753,25.9,46,323,"2025-04-01 14:26:05"
754,25.9,46,413,"2025-04-01 14:26:17"
755,25.9,46,933,"2025-04-01 14:26:25"
756,25.9,46,475,"2025-04-01 14:26:35"
757,25.9,46,878,"2025-04-01 14:26:45"
758,25.9,46,435,"2025-04-01 14:26:55"
759,25.9,46,585,"2025-04-01 14:27:05"
760,25.9,46,692,"2025-04-01 14:27:15"
761,25.9,46,763,"2025-04-01 14:27:25"
762,25.9,46,894,"2025-04-01 14:27:35"
763,25.9,46,685,"2025-04-01 14:27:45"
764,25.9,46,727,"2025-04-01 14:27:55"
765,25.9,46,513,"2025-04-01 14:28:05"
766,25.9,46,826,"2025-04-01 14:28:15"
767,25.9,46,469,"2025-04-01 14:28:26"
768,25.9,46,790,"2025-04-01 14:28:35"
769,25.9,46,301,"2025-04-01 14:28:45"
770,25.9,46,474,"2025-04-01 14:28:55"
771,25.9,46,229,"2025-04-01 14:29:05"
772,25.9,46,275,"2025-04-01 14:29:16"
773,25.9,46,659,"2025-04-01 14:29:26"
774,25.9,46,931,"2025-04-01 14:29:35"
775,26,46,292,"2025-04-01 14:29:45"
776,26,46,166,"2025-04-01 14:29:55"
777,26,46,854,"2025-04-01 14:30:05"
778,26,46,271,"2025-04-01 14:30:15"
779,26,46,377,"2025-04-01 14:30:25"
780,26,46,810,"2025-04-01 14:30:35"
781,26,46,512,"2025-04-01 14:30:45"
782,26,46,187,"2025-04-01 14:30:55"
783,26,46,369,"2025-04-01 14:31:05"
784,26,46,190,"2025-04-01 14:31:15"
785,26,46,208,"2025-04-01 14:31:25"
786,25.9,46,220,"2025-04-01 14:31:35"
787,25.9,46,902,"2025-04-01 14:31:45"
788,25.9,46,764,"2025-04-01 14:31:55"
789,25.9,46,899,"2025-04-01 14:32:12"
790,25.9,46,126,"2025-04-01 14:32:15"
791,25.9,46,511,"2025-04-01 14:32:25"
792,25.9,46,405,"2025-04-01 14:32:35"
793,25.9,46,381,"2025-04-01 14:32:45"
794,25.9,46,383,"2025-04-01 14:32:55"
795,25.9,46,341,"2025-04-01 14:33:06"
796,26,46,891,"2025-04-01 14:33:15"
797,26,46,319,"2025-04-01 14:33:27"
798,26,46,977,"2025-04-01 14:33:37"
799,26,46,533,"2025-04-01 14:33:46"
800,26,46,976,"2025-04-01 14:33:55"
801,26,46,201,"2025-04-01 14:34:05"
802,26,46,654,"2025-04-01 14:34:15"
803,26,46,660,"2025-04-01 14:34:25"
804,26,46,510,"2025-04-01 14:34:35"
805,26,46,945,"2025-04-01 14:34:45"
806,26,46,516,"2025-04-01 14:34:55"
807,26,46,155,"2025-04-01 14:35:05"
808,26,46,257,"2025-04-01 14:35:15"
809,26,46,309,"2025-04-01 14:35:25"
810,26,46,337,"2025-04-01 14:35:35"
811,26,46,210,"2025-04-01 14:35:45"
812,26,46,824,"2025-04-01 14:35:55"
813,26,46,571,"2025-04-01 14:36:05"
814,26,46,413,"2025-04-01 14:36:15"
815,26,46,227,"2025-04-01 14:36:25"
816,26,46,702,"2025-04-01 14:36:35"
817,26,46,463,"2025-04-01 14:36:45"
818,26,46,789,"2025-04-01 14:36:57"
819,26,46,813,"2025-04-01 14:37:05"
820,26,46,686,"2025-04-01 14:37:20"
821,26,46,400,"2025-04-01 14:37:25"
822,26,46,986,"2025-04-01 14:37:37"
823,26,46,721,"2025-04-01 14:37:45"
824,26,46,518,"2025-04-01 14:37:55"
825,26,46,137,"2025-04-01 14:38:05"
826,26,46,655,"2025-04-01 14:38:15"
827,26,46,737,"2025-04-01 14:38:25"
828,26,46,808,"2025-04-01 14:38:35"
829,26,46,563,"2025-04-01 14:38:45"
830,26,46,528,"2025-04-01 14:38:55"
831,26,46,101,"2025-04-01 14:39:05"
832,26,46,899,"2025-04-01 14:39:15"
833,26,47,885,"2025-04-01 14:39:25"
834,26,47,671,"2025-04-01 14:39:35"
835,26,47,900,"2025-04-01 14:39:55"
836,26,47,699,"2025-04-01 14:39:55"
837,26.1,47,455,"2025-04-01 14:40:07"
838,26.1,47,461,"2025-04-01 14:40:17"
839,26.2,47,132,"2025-04-01 14:40:34"
840,26.2,47,451,"2025-04-01 14:40:35"
841,26.3,47,372,"2025-04-01 14:40:45"
842,26.3,47,891,"2025-04-01 14:40:55"
843,26.3,47,735,"2025-04-01 14:41:10"
844,26.3,47,732,"2025-04-01 14:42:03"
845,26.4,47,849,"2025-04-01 14:42:03"
846,26.4,46,415,"2025-04-01 14:42:03"
847,26.4,46,453,"2025-04-01 14:42:03"
848,26.3,46,322,"2025-04-01 14:42:03"
849,26.3,46,664,"2025-04-01 14:42:13"
850,26.3,46,891,"2025-04-01 14:42:19"
851,26.3,46,431,"2025-04-01 14:42:25"
852,26.3,46,198,"2025-04-01 14:42:35"
853,26.3,46,752,"2025-04-01 14:42:45"
854,26.3,46,825,"2025-04-01 14:42:55"
855,26.3,46,863,"2025-04-01 14:43:07"
856,26.3,46,819,"2025-04-01 14:43:15"
857,26.3,46,839,"2025-04-01 14:43:25"
858,26.3,46,313,"2025-04-01 14:43:35"
859,26.3,46,571,"2025-04-01 14:43:45"
860,26.3,46,317,"2025-04-01 14:43:55"
861,26.3,46,936,"2025-04-01 14:44:07"
862,26.3,46,532,"2025-04-01 14:44:15"
863,26.4,46,525,"2025-04-01 14:44:27"
864,26.5,46,350,"2025-04-01 14:44:35"
865,26.5,46,354,"2025-04-01 14:44:45"
866,26.6,46,389,"2025-04-01 14:44:55"
867,26.6,46,327,"2025-04-01 14:45:05"
868,26.6,46,968,"2025-04-01 14:45:15"
869,26.6,46,721,"2025-04-01 14:45:25"
870,26.6,45,120,"2025-04-01 14:45:35"
871,26.5,45,120,"2025-04-01 14:45:45"
872,26.5,45,858,"2025-04-01 14:46:00"
873,26.5,46,267,"2025-04-01 14:46:05"
874,26.5,46,528,"2025-04-01 14:46:17"
875,26.4,46,830,"2025-04-01 14:46:28"
876,26.4,46,876,"2025-04-01 14:46:35"
877,26.4,46,290,"2025-04-01 14:46:45"
878,26.4,46,634,"2025-04-01 14:46:55"
879,26.3,46,218,"2025-04-01 14:47:05"
880,26.3,46,905,"2025-04-01 14:47:19"
881,26.3,46,482,"2025-04-01 14:47:25"
882,30.8,39,591,"2025-04-15 14:13:11"
883,30.8,39,998,"2025-04-15 14:13:20"
884,30.8,39,101,"2025-04-15 14:13:31"
885,30.7,39,514,"2025-04-15 14:13:45"
886,30.7,39,270,"2025-04-15 14:13:51"
887,31.6,65,358,"2025-04-21 14:32:20"
888,31.6,65,347,"2025-04-21 14:32:32"
889,31.6,65,145,"2025-04-21 14:32:40"
890,31.6,65,893,"2025-04-21 14:32:53"
891,31.6,65,112,"2025-04-21 14:33:30"
892,31.6,65,512,"2025-04-21 14:33:40"
893,31.6,65,970,"2025-04-21 14:33:51"
894,31.6,65,374,"2025-04-21 14:34:00"
895,31.7,65,115,"2025-04-21 14:35:15"
896,31.7,65,327,"2025-04-21 14:35:15"
897,31.7,65,224,"2025-04-21 14:35:16"
898,31.7,65,821,"2025-04-21 14:35:17"
899,31.6,65,504,"2025-04-21 14:35:20"
900,31.7,65,325,"2025-04-21 14:35:32"
901,31.7,64,538,"2025-04-21 14:35:40"
902,31.7,64,652,"2025-04-21 14:35:50"
903,31.7,64,722,"2025-04-21 14:36:10"
904,31.7,64,140,"2025-04-21 14:36:20"
905,31.7,64,163,"2025-04-21 14:36:30"
906,31.7,64,689,"2025-04-21 14:36:40"
907,31.7,64,535,"2025-04-21 14:36:50"
908,31.6,64,408,"2025-04-21 14:37:00"
909,31.6,64,769,"2025-04-21 14:37:10"
910,31.6,64,513,"2025-04-21 14:37:21"
911,31.6,64,620,"2025-04-21 14:37:30"
912,31.6,64,266,"2025-04-21 14:37:41"
913,31.6,64,295,"2025-04-21 14:37:50"
914,31.6,64,239,"2025-04-21 14:38:00"
915,31.5,64,618,"2025-04-21 14:38:10"
916,31.5,64,530,"2025-04-21 14:38:20"
917,31.5,64,788,"2025-04-21 14:38:34"
918,31.5,64,445,"2025-04-21 14:38:40"
919,31.5,64,980,"2025-04-21 14:38:50"
920,31.5,64,148,"2025-04-21 14:39:03"
921,31.5,64,402,"2025-04-21 14:39:10"
922,31.5,64,941,"2025-04-21 14:39:20"
923,31.5,64,428,"2025-04-21 14:39:30"
924,31.5,64,731,"2025-04-21 14:39:40"
925,31.5,64,661,"2025-04-21 14:40:14"
926,31.5,64,413,"2025-04-21 14:40:34"
927,31.5,64,694,"2025-04-21 14:40:34"
928,31.5,64,645,"2025-04-21 14:40:40"
929,31.5,64,464,"2025-04-21 14:40:50"
930,31.5,64,538,"2025-04-21 14:41:20"
931,31.5,64,862,"2025-04-21 14:41:30"
932,31.5,64,406,"2025-04-21 14:41:40"
933,31.5,64,118,"2025-04-21 14:41:51"
934,31.5,64,380,"2025-04-21 14:42:01"
935,31.5,64,534,"2025-04-21 14:42:19"
936,31.5,64,895,"2025-04-21 14:42:24"
937,31.5,64,245,"2025-04-21 14:42:33"
938,31.5,64,925,"2025-04-21 14:42:41"
939,31.5,64,630,"2025-04-21 14:42:50"
940,31.5,64,676,"2025-04-21 14:43:00"
941,31.5,65,528,"2025-04-21 14:43:10"
942,31.5,65,414,"2025-04-21 14:43:23"
943,31.5,65,268,"2025-04-21 14:43:40"
944,31.5,64,827,"2025-04-21 14:43:40"
945,31.5,65,813,"2025-04-21 14:43:50"
946,31.5,65,156,"2025-04-21 14:44:00"
947,31.5,65,469,"2025-04-21 14:44:10"
948,31.5,65,726,"2025-04-21 14:44:20"
949,31.5,65,278,"2025-04-21 14:44:30"
950,31.5,65,820,"2025-04-21 14:44:40"
951,31.5,65,929,"2025-04-21 14:44:50"
952,31.5,65,620,"2025-04-21 14:45:06"
953,31.5,64,285,"2025-04-21 14:45:10"
954,31.5,64,711,"2025-04-21 14:45:20"
955,31.5,65,327,"2025-04-21 14:45:32"
956,31.5,65,730,"2025-04-21 14:45:40"
957,31.5,65,487,"2025-04-21 14:45:50"
958,31.5,65,880,"2025-04-21 14:46:05"
959,31.5,65,691,"2025-04-21 14:46:15"
960,31.6,65,515,"2025-04-21 14:46:24"
961,31.6,65,335,"2025-04-21 14:46:30"
962,31.6,65,596,"2025-04-21 14:46:40"
963,31.6,64,747,"2025-04-21 14:46:50"
964,31.6,65,910,"2025-04-21 14:47:00"
965,31.6,65,924,"2025-04-21 14:47:10"
966,31.6,65,913,"2025-04-21 14:47:20"
967,31.6,65,826,"2025-04-21 14:47:30"
968,31.6,65,297,"2025-04-21 14:47:42"
969,31.6,65,870,"2025-04-21 14:47:50"
970,31.6,65,421,"2025-04-21 14:48:00"
971,31.6,65,816,"2025-04-21 14:48:10"
972,31.6,65,221,"2025-04-21 14:48:20"
973,31.6,65,847,"2025-04-21 14:48:30"
974,31.6,65,356,"2025-04-21 14:48:40"
975,31.6,65,111,"2025-04-21 14:48:50"
976,31.6,65,737,"2025-04-21 14:49:00"
977,31.6,65,494,"2025-04-21 14:49:10"
978,31.6,65,481,"2025-04-21 14:49:20"
979,31.6,65,575,"2025-04-21 14:49:31"
980,31.6,65,258,"2025-04-21 14:49:40"
981,31.6,65,907,"2025-04-21 14:49:52"
982,31.6,65,166,"2025-04-21 14:50:00"
983,31.6,65,145,"2025-04-21 14:50:10"
984,31.6,65,271,"2025-04-21 14:50:20"
985,31.6,65,550,"2025-04-21 14:50:32"
986,31.6,65,939,"2025-04-21 14:50:40"
987,31.6,65,992,"2025-04-21 14:50:51"
988,31.6,65,533,"2025-04-21 14:51:00"
989,31.6,65,754,"2025-04-21 14:51:11"
990,31.6,65,267,"2025-04-21 14:51:20"
991,31.6,65,927,"2025-04-21 14:51:30"
992,31.6,65,304,"2025-04-21 14:51:40"
993,31.6,65,822,"2025-04-21 14:51:50"
994,31.6,65,720,"2025-04-21 14:52:00"
995,31.6,65,934,"2025-04-21 14:52:10"
996,31.6,64,663,"2025-04-21 14:52:20"
997,31.6,64,142,"2025-04-21 14:52:30"
998,31.6,64,964,"2025-04-21 14:52:40"
999,31.6,65,929,"2025-04-21 14:52:50"
1000,29.6,71,256,"2025-04-21 19:14:34"
